id_venta,id_cliente,id_producto,fecha,cantidad,total_venta,canal
1,101,2001,2026-04-01,2,300000,tienda
2,102,2002,2026-04-01,1,300000,tienda
3,103,2003,2026-04-02,1,50000,tienda
4,101,2001,2026-04-02,1,150000,tienda
5,104,2004,2026-04-03,3,60000,tienda
6,105,2002,2026-04-03,2,600000,tienda
7,106,2005,2026-04-04,1,80000,tienda
8,107,2003,2026-04-04,2,100000,tienda
9,108,2006,2026-04-05,1,120000,tienda
10,109,2001,2026-04-05,1,150000,tienda
