id_cliente,nombre,apellido,total_venta
105,Pedro,Diaz,600000
101,Juan,Perez,450000
102,Ana,Gomez,300000
109,Andres,Castro,150000
108,Sofia,Reyes,120000
107,Diego,Soto,100000
106,Laura,Martinez,80000
104,Maria,Lopez,60000
103,Carlos,Rojas,50000
